CMC_id,CMC_rank,name,ticker,web_primary,web_secondary,source_code,check_source,notes
1,1,Bitcoin,BTC,https://bitcoin.org/,,https://github.com/bitcoin/bitcoin,y,
1027,2,Ethereum,ETH,https://www.ethereum.org/,https://en.wikipedia.org/wiki/Ethereum,https://github.com/ethereum/go-ethereum,y,
825,3,Tether,USDT,https://tether.to,,private,y,
1839,4,BNB,BNB,https://www.binance.com/,,https://github.com/binance-chain/bsc,y,fork of go-ethereum
3408,5,USD Coin,USDC,https://www.centre.io/usdc,,https://github.com/centrehq/centre-tokens,y,SC
52,6,XRP,XRP,https://xrpl.org/,,https://github.com/ripple/rippled,y,
4172,7,Terra,LUNA,https://terra.money/,,https://github.com/terra-project/core,y,
2010,8,Cardano,ADA,https://www.cardano.org,,https://github.com/input-output-hk/cardano-node,y,IOHK
5426,9,Solana,SOL,https://solana.com,,https://github.com/solana-labs/solana,y,
5805,10,Avalanche,AVAX,https://avax.network/,https://www.avalabs.org/,https://github.com/ava-labs/avalanchego,y,
6636,11,Polkadot,DOT,https://polkadot.network/,,https://github.com/paritytech/polkadot,y,See Substrate for pre 2018 repo history
4687,12,Binance USD,BUSD,https://www.binance.com/en/busd,https://www.paxos.com/busd/,https://github.com/paxosglobal/busd-contract,y,SC
74,13,Dogecoin,DOGE,http://dogecoin.com/,,https://github.com/dogecoin/dogecoin,y,
7129,14,TerraUSD,UST,https://terra.money,,https://github.com/terra-project/core,y,
5994,15,Shiba Inu,SHIB,https://shibatoken.com/,,private,y,
3890,16,Polygon,MATIC,https://polygon.technology/,,https://github.com/maticnetwork/bor,y,2nd layer plasma scaling on ethereum; now polygon
3717,17,Wrapped Bitcoin,WBTC,https://wbtc.network,,https://github.com/WrappedBTC/bitcoin-token-smart-contracts,y,wToken
3635,18,Cronos,CRO,https://www.crypto.com/en/chain,,private,y,
4943,19,Dai,DAI,http://www.makerdao.com/,,https://github.com/makerdao/dss,y,SC
3794,20,Cosmos,ATOM,https://cosmos.network/,,https://github.com/cosmos/cosmos-sdk,y,
2,21,Litecoin,LTC,https://litecoin.org/,,https://github.com/litecoin-project/litecoin,y,
6535,22,NEAR Protocol,NEAR,https://near.org/,,https://github.com/nearprotocol/nearcore,y,
1975,23,Chainlink,LINK,https://chain.link/,https://smartcontract.com/,https://github.com/smartcontractkit/chainlink,y,
7083,24,Uniswap,UNI,https://uniswap.org/blog/uni/,https://uniswap.org/,https://github.com/Uniswap/uniswap-v3-core,y,recently upgraded to v3
1958,25,TRON,TRX,https://tron.network/,,https://github.com/tronprotocol/java-tron,y,
1831,26,Bitcoin Cash,BCH,http://bch.info,,https://gitlab.com/bitcoin-cash-node/bitcoin-cash-node,y,
4195,27,FTX Token,FTT,https://ftx.com/,https://help.ftx.com/hc/en-us/sections/360004460952-FTX-Token-FTT,private,y,
3957,28,UNUS SED LEO,LEO,https://www.bitfinex.com/,,private,y,runs on bitfinex
1321,29,Ethereum Classic,ETC,https://ethereumclassic.org/,,https://github.com/etclabscore/core-geth,y,ETC original repo; other client is mantis by IOHK written in scala
4030,30,Algorand,ALGO,http://algorand.foundation,https://www.algorand.com/,https://github.com/algorand/go-algorand,y,
512,31,Stellar,XLM,https://www.stellar.org,,https://github.com/stellar/stellar-core,y,
1966,32,Decentraland,MANA,https://decentraland.org/,,https://github.com/decentraland/decentraland-dapps,y,
4023,33,Bitcoin BEP2,BTCB,https://bitcoin.org/en/,,private,y,binance-wrapped BTC
4642,34,Hedera,HBAR,https://www.hedera.com/,,https://github.com/hashgraph/hedera-sdk-java,y,
8916,35,Internet Computer,ICP,https://dfinity.org,,https://github.com/dfinity/ic,y,
6892,36,Elrond,EGLD,https://elrond.com/,https://elrond.com/blog,https://github.com/ElrondNetwork/elrond-go,y,
6210,37,The Sandbox,SAND,https://www.sandbox.game/en/,,private,y,
328,38,Monero,XMR,https://www.getmonero.org/,,https://github.com/monero-project/monero,y,
1274,39,Waves,WAVES,https://waves.tech/,https://medium.com/wavesprotocol,https://github.com/wavesplatform/Waves,y,
3077,40,VeChain,VET,https://www.vechain.org/,https://www.vechain.com/,https://github.com/vechain/thor,y,
2280,41,Filecoin,FIL,https://filecoin.io/,,https://github.com/filecoin-project/lotus,y,
3513,42,Fantom,FTM,https://fantom.foundation/,,https://github.com/Fantom-foundation/go-lachesis,y,
6783,43,Axie Infinity,AXS,https://axieinfinity.com/,,private,y,
4256,44,Klaytn,KLAY,https://www.klaytn.foundation/,https://www.klaytn.foundation/,https://github.com/klaytn/klaytn,y,
2011,45,Tezos,XTZ,https://www.tezos.com/,,https://gitlab.com/tezos/tezos,y,
2416,46,Theta Network,THETA,https://www.thetatoken.org/,,https://github.com/thetatoken/theta-protocol-ledger,y,
18876,47,ApeCoin,APE,http://apecoin.com/,,private,y,
4157,48,THORChain,RUNE,https://thorchain.org/,,https://gitlab.com/thorchain/thornode,y,
5665,49,Helium,HNT,https://www.helium.com/,,https://github.com/helium/blockchain-core,y,
1437,50,Zcash,ZEC,https://z.cash/,,https://github.com/zcash/zcash,y,
4558,51,Flow,FLOW,https://flow.com,,https://github.com/onflow/flow-go,y,
1765,52,EOS,EOS,https://eos.io/,,https://github.com/EOSIO/eos,y,
1720,53,IOTA,MIOTA,https://www.iota.org/,,https://github.com/iotaledger/iota.js,y,
7278,54,Aave,AAVE,https://aave.com/,https://ethlend.io,https://github.com/aave/aave-protocol,y,
1518,55,Maker,MKR,https://makerdao.com/,,https://github.com/makerdao/market-maker-keeper,y,see also: DAI
6719,56,The Graph,GRT,https://thegraph.com,,https://github.com/graphprotocol/graph-node,y,
7186,57,PancakeSwap,CAKE,https://pancakeswap.finance/,,https://github.com/pancakeswap/pancake-frontend,y,
7186,57,PancakeSwap,CAKE,https://pancakeswap.finance/,,https://github.com/pancakeswap/pancake-frontend,y,
16086,58,BitTorrent-New,BTT,https://bt.io/,,https://github.com/bttcprotocol/bttc,y,wong repo on CMC
4847,59,Stacks,STX,https://stacks.co,,https://github.com/blockstack/stacks-blockchain,y,
7080,60,Gala,GALA,https://gala.games/,,private,y,
3602,61,Bitcoin SV,BSV,https://bitcoinsv.com/,https://bitcoinsv.io/,https://github.com/bitcoin-sv/bitcoin-sv,y,
3945,62,Harmony,ONE,https://www.harmony.one/,https://t.me/harmony_announcements,https://github.com/harmony-one/harmony,y,
1376,63,Neo,NEO,https://neo.org/,,https://github.com/neo-project/neo,y,
10791,64,eCash,XEC,https://e.cash/,,https://github.com/Bitcoin-ABC/bitcoin-abc,y,
2087,65,KuCoin Token,KCS,https://www.kucoin.com/,,na,y,exchange token
2502,66,Huobi Token,HT,https://www.huobiwallet.com,https://www.hbg.com/,https://github.com/HuobiGroup/huobi-eco-chain,y,
3155,67,Quant,QNT,https://quant.network/,,https://github.com/quantnetwork/overledger-sdk-javascript,y,
2563,68,TrueUSD,TUSD,https://www.trueusd.com/,,https://github.com/trusttoken/smart-contracts,y,
5034,69,Kusama,KSM,https://kusama.network/,,https://github.com/kusamanetwork/KSM-dapp,y,runs on polkadot
2130,70,Enjin Coin,ENJ,https://enjin.io/,,https://github.com/enjin/enjin-java-sdk,y,
2694,71,Nexo,NEXO,http://nexo.io,,https://github.com/nexofinance/NEXO-Token/,y,
5567,72,Celo,CELO,https://celo.org/,https://www.celocamp.com/,https://github.com/celo-org/celo-monorepo/,y,
131,73,Dash,DASH,https://www.dash.org/,https://newsroom.dash.org/,https://github.com/dashpay/dash,y,
1697,74,Basic Attention Token,BAT,https://basicattentiontoken.org/,,https://github.com/brave-intl/bat-go,y,token
4066,75,Chiliz,CHZ,https://www.chiliz.com/,,private,y,
3897,76,OKB,OKB,https://www.okx.com/,,private,y,OKEx token
1934,77,Loopring,LRC,https://loopring.org,,https://github.com/Loopring/protocols,y,
6945,78,Amp,AMP,https://amptoken.org,,https://github.com/amptoken/amp-token-contracts,y,
5632,79,Arweave,AR,https://www.arweave.org,,https://github.com/ArweaveTeam/arweave,y,
5647,80,Kadena,KDA,http://kadena.io/,,https://github.com/kadena-io/chainweb-node,y,
9903,81,Convex Finance,CVX,https://www.convexfinance.com/,,https://github.com/convex-eth/platform,y,
6538,82,Curve DAO Token,CRV,https://guides.curve.fi/everything-you-need-to-know-about-crv/,https://www.curve.fi/,https://github.com/curvefi/curve-contract,y,
3330,83,Pax Dollar,USDP,https://www.paxos.com/usdp/,,https://github.com/paxosglobal/pax-contracts,y,SC
8646,84,Mina,MINA,https://minaprotocol.com/,,https://github.com/MinaProtocol/mina,y,
873,85,NEM,XEM,http://nem.io,,https://github.com/nemtech/catapult-server,y,
3822,86,Theta Fuel,TFUEL,https://www.thetatoken.org,,excluded,y,"token, see also: THETA, id:2416"
7653,87,Oasis Network,ROSE,https://oasisprotocol.org/,,https://github.com/oasisprotocol/oasis-core,y,
2700,88,Celsius,CEL,https://celsius.network/,,https://github.com/CelsiusNetwork/celsius-js-sdk,y,
1168,89,Decred,DCR,https://decred.org/,https://proposals.decred.org/,https://github.com/decred/dcrd,y,
2682,90,Holo,HOT,https://holochain.org/,https://holo.host,https://github.com/holochain/holochain,y,prev: https://github.com/holochain/holochain-rust
5692,91,Compound,COMP,https://compound.finance/governance/comp,,https://github.com/compound-finance/compound-protocol,y,
8677,92,Symbol,XYM,https://www.symbol.dev,https://github.com/symbol,https://github.com/symbol/symbol,y,
5604,93,Secret,SCRT,https://scrt.network,,https://github.com/enigmampc/SecretNetwork,y,
5068,94,Neutrino USD,USDN,https://neutrino.at/,,https://github.com/waves-exchange/neutrino-contract,y,
3801,95,BORA,BORA,https://boraecosystem.com,,https://github.com/boraecosystem/BORA-Platform-Sample-LoginTest,y,
5864,96,yearn.finance,YFI,https://yearn.finance/,,https://github.com/yearn/yearn-protocol,y,
7455,97,Audius,AUDIO,https://audius.co/,,https://github.com/AudiusProject/audius-protocol,y,
2777,98,IoTeX,IOTX,https://www.iotex.io/,,https://github.com/iotexproject/iotex-core,y,
8857,99,Anchor Protocol,ANC,https://app.anchorprotocol.com,,https://github.com/Anchor-Protocol/anchor-web-app,y,
4279,100,SXP,SXP,https://solar.org,https://swipe.io,https://github.com/SwipeWallet/Swipe-Network,y,
2083,101,Bitcoin Gold,BTG,https://bitcoingold.org/,,https://github.com/BTCGPU/BTCGPU,y,
1684,102,Qtum,QTUM,https://qtum.org/,,https://github.com/qtumproject/qtum/,y,
1808,103,OMG Network,OMG,https://omg.network/,https://omisego.co/,https://github.com/omgnetwork/plasma-contracts,y,layer 2 ETH scaling
2634,104,XDC Network,XDC,https://www.xdc.org/,https://www.xinfin.org/,https://github.com/xinfinorg/XinFin-Node,y,
8104,105,1inch Network,1INCH,https://1inch.io/,,https://github.com/1inch/1inchProtocol,y,
4705,106,PAX Gold,PAXG,https://www.paxos.com/paxgold/,,https://github.com/paxosglobal/paxos-gold-contract,y,
5777,107,renBTC,RENBTC,https://renproject.io/,,https://github.com/renproject/ren-js,y,
1727,108,Bancor,BNT,https://bancor.network/,,https://github.com/bancorprotocol/contracts-solidity,y,
3783,109,Ankr,ANKR,https://www.ankr.com/,,https://github.com/Ankr-network/dccn-common,y,
5690,110,Render Token,RNDR,https://rendertoken.com/,,private,y,
2586,111,Synthetix,SNX,https://www.synthetix.io/,,https://github.com/Synthetixio/synthetix,y,
1659,112,Gnosis,GNO,https://gnosis.io/,,https://github.com/gnosis/safe-contracts,y,
2577,113,Ravencoin,RVN,https://ravencoin.org/,https://getravencoin.org/,https://github.com/RavenProject/Ravencoin,y,
4846,114,Kava,KAVA,https://www.kava.io/,https://app.kava.io/,https://github.com/Kava-Labs/kava,y,
2099,115,ICON,ICX,https://iconrepublic.org/,,https://github.com/icon-project/goloop,y,
9444,116,Kyber Network Crystal v2,KNC,https://kyber.network/,,https://github.com/KyberNetwork/KyberSwap,y,
6836,117,Moonbeam,GLMR,https://moonbeam.network/,https://moonbeam.foundation/,https://github.com/PureStake/moonbeam,y,
7501,118,WOO Network,WOO,https://woo.org,https://woo.network/token,private,y,
3640,119,Livepeer,LPT,https://livepeer.org/,,https://github.com/livepeer/go-livepeer,y,
2300,120,WAX,WAXP,https://wax.io/,,https://github.com/worldwide-asset-exchange/wax-blockchain,y,
2469,121,Zilliqa,ZIL,https://www.zilliqa.com/,,https://github.com/Zilliqa/Zilliqa,y,
4747,122,Velas,VLX,https://velas.com,,https://github.com/velas/velas-chain,y,
10603,123,Immutable X,IMX,https://www.immutable.com/,,private,y,
4269,124,GateToken,GT,https://gatechain.io/,,https://github.com/gatechain/node-binary,y,
1698,125,Horizen,ZEN,https://www.horizen.io/,https://academy.horizen.io/,https://github.com/HorizenOfficial/zen,y,
8075,126,Rally,RLY,https://vaults.rally.io/vaults,https://rally.io/,https://github.com/starcard-org/yield-delegation,y,
5617,127,UMA,UMA,https://umaproject.org/,,https://github.com/UMAprotocol/protocol,y,
1817,128,Voyager Token,VGX,https://www.investvoyager.com/,https://www.ethos.io/,private,y,formerly ETHOS
1455,129,Golem,GLM,https://golem.network/,,https://github.com/golemfactory/yagna,y,
1042,130,Siacoin,SC,https://sia.tech/,,https://gitlab.com/NebulousLabs/Sia,y,
1896,131,0x,ZRX,https://0x.org/,,https://github.com/0xProject/0x-monorepo,y,
2405,132,IOST,IOST,http://iost.io/,,https://github.com/iost-official/go-iost,y,
2566,133,Ontology,ONT,https://ont.io/,,https://github.com/ontio/ontology,y,
4566,134,DigitalBits,XDB,http://www.digitalbits.io/,,https://github.com/xdbfoundation/DigitalBits,y,
2499,135,SwissBorg,CHSB,https://swissborg.com/,,https://github.com/SwissBorg,y,token on Ethereum
9816,136,APENFT,NFT,http://apenft.org/,,private,y,
8642,137,Fei USD,FEI,https://fei.money/,,https://github.com/fei-protocol/fei-protocol-core,y,
18069,138,STEPN,GMT,https://www.stepn.com/,,private,y,
2135,139,Revain,REV,https://revain.org/,https://company.revain.org,https://github.com/Revain,y,token
5566,140,Keep Network,KEEP,https://keep.network,,https://github.com/keep-network/tbtc,y,
6758,141,SushiSwap,SUSHI,https://sushi.com/,,https://github.com/sushiswap/sushiswap,y,
1772,142,Storj,STORJ,https://storj.io/,,https://github.com/storj/storj,y,
2394,143,Telcoin,TEL,https://www.telco.in/,,https://github.com/telcoin/plaid,y,
5691,144,SKALE Network,SKL,https://skale.network/,,https://github.com/skalenetwork/skale-consensus,y,
3306,145,Gemini Dollar,GUSD,https://gemini.com/dollar/,,https://github.com/gemini/dollar,y,
9436,146,Dogelon Mars,ELON,https://dogelonmars.com/,,private,y,
5488,147,JUST,JST,https://just.network/#/,,private,y,
541,148,Syscoin,SYS,http://syscoin.org,,https://github.com/syscoin/syscoin,y,
5370,149,Hive,HIVE,https://hive.io/,,https://github.com/openhive-network/hive,y,
2496,150,Polymath,POLY,https://www.polymath.network/,,https://github.com/PolymathNetwork/polymath-core,y,
8719,151,Illuvium,ILV,https://illuvium.io/,,private,y,
2539,152,Ren,REN,https://renproject.io/,,https://github.com/renproject/ren-js,y,
6187,153,Serum,SRM,https://projectserum.com/,,private,y,
11289,154,Spell Token,SPELL,https://abracadabra.money/,,https://github.com/Abracadabra-money/magic-internet-money,y,
13855,155,Ethereum Name Service,ENS,https://ens.domains/,,https://github.com/ensdomains/ens,y,
4948,156,Nervos Network,CKB,http://nervos.org/,,https://github.com/nervosnetwork/ckb,y,
3029,157,Flux,FLUX,https://runonflux.io/,https://zelcore.io/,https://github.com/RunOnFlux/flux,y,
5964,158,Trust Wallet Token,TWT,https://trustwallet.com/,,https://github.com/trustwallet/wallet-core,y,
14806,159,ConstitutionDAO,PEOPLE,https://www.constitutiondao.com/,,na,y,
11156,160,dYdX,DYDX,https://dydx.community,,https://github.com/dydxfoundation/governance-contracts,y,
3911,161,Ocean Protocol,OCEAN,https://oceanprotocol.com/,,https://github.com/oceanprotocol/market,y,
4189,162,Ultra,UOS,https://ultra.io/,,private,y,
109,163,DigiByte,DGB,https://digibyte.org/,https://dgbwiki.com/,https://github.com/DigiByte-Core/digibyte,y,
7281,164,Persistence,XPRT,https://persistence.one,,https://github.com/persistenceOne/persistenceCore,y,
5899,165,Casper,CSPR,https://casper.network/,,https://github.com/casper-network/casper-node,y,
6950,166,Perpetual Protocol,PERP,https://perp.com,https://app.perp.com/,https://github.com/perpetual-protocol/perpetual-protocol,y,
4761,167,NuCypher,NU,https://nucypher.com,,https://github.com/nucypher/nucypher,y,
5117,168,Origin Protocol,OGN,https://www.originprotocol.com,https://www.story.xyz,https://github.com/OriginProtocol/origin,y,
10903,169,Coin98,C98,https://www.coin98.com/,,https://github.com/coin98/saros-sdk,y,
2856,170,CEEK VR,CEEK,https://www.ceek.io/,,private,y,
1567,171,Nano,XNO,http://nano.org/en,,https://github.com/nanocurrency/nano-node,y,
7461,172,PlayDapp,PLA,https://playdapp.io,,https://github.com/playdapp/PLA,y,
10688,173,Yield Guild Games,YGG,https://yieldguild.io/,,private,y,
11584,174,Braintrust,BTRST,https://www.braintrust.com,,https://github.com/Snowfork/BTRST-Contracts,y,
6953,175,Frax Share,FXS,https://frax.finance/#welcome,,https://github.com/FraxFinance/frax-solidity,y,
1214,176,Lisk,LSK,https://Lisk.com/,,https://github.com/LiskHQ/lisk-core,y,
3814,177,Celer Network,CELR,https://www.celer.network/#,,https://github.com/celer-network/goCeler-oss,y,
1886,178,Dent,DENT,https://www.dentwireless.com/,,private,y,
8290,179,SuperFarm,SUPER,https://superfarm.com/#/,,private,y,
4206,180,WINkLink,WIN,https://winklink.org/,,https://github.com/wink-link/winklink,y,
7226,181,Injective,INJ,https://injective.com,,https://github.com/InjectiveLabs/injective-ts,y,
3773,182,Fetch.ai,FET,https://fetch.ai/,https://community.fetch.ai/,https://github.com/fetchai/agents-aea,y,
9025,183,Tribe,TRIBE,https://fei.money/,,na,y,
8526,184,Raydium,RAY,https://raydium.io/#/,,private,y,
2132,185,Powerledger,POWR,https://powerledger.io/,,private,y,
3628,186,MXC,MXC,https://www.mxc.org/,,https://github.com/mxc-foundation/node-prod-firmware,y,
4038,187,MovieBloc,MBL,https://www.moviebloc.com/,,private,y,
2765,188,XYO,XYO,https://xyo.network/,,https://github.com/XYOracleNetwork/xyo-foundation,y,
9258,189,Chia,XCH,https://www.chia.net/,,https://github.com/XYOracleNetwork-v1/client-xyo-nodejs,y,
9308,190,Vulcan Forged PYR,PYR,https://vulcanforged.com/,,private,y,
3978,191,Chromia,CHR,https://chromia.com/,https://chromapolis.com/,https://bitbucket.org/chromawallet/postchain2/src/master/,y,
2303,192,MediBloc,MED,https://medibloc.com/en/,,https://github.com/Medibloc,n,
3217,193,Ontology Gas,ONG,https://ont.io/,,,n,
3992,194,COTI,COTI,https://coti.io/,,https://github.com/coti-io/coti-node,y,
2071,195,Request,REQ,https://request.network/,,https://github.com/RequestNetwork/,n,
14556,196,Boba Network,BOBA,https://boba.network/,,https://github.com/omgnetwork,n,
3835,197,Orbs,ORBS,https://www.orbs.com/,,https://github.com/orbs-network/,n,
5161,198,WazirX,WRX,https://wazirx.com/,,,n,
3884,199,Function X,FX,https://functionx.io/,,https://github.com/FunctionX,n,
8335,200,Mdex,MDX,https://mdex.co,,,n,
5015,201,HEX,HEX,https://hex.com/,https://go.hex.win/,https://github.com/BitcoinHEX,n,
18579,202,Wrapped TRON,WTRX,https://tron.network/,,https://github.com/tronprotocol/java-tron,n,
8085,203,Lido stETH,STETH,https://lido.fi/,,https://github.com/lidofinance,n,
6952,204,Frax,FRAX,https://frax.finance/#welcome,,https://github.com/fraxfinance,n,
12220,205,Osmosis,OSMO,https://osmosis.zone/,,https://github.com/osmosis-labs/osmosis,n,
11419,206,Toncoin,TON,https://ton.org/,,https://github.com/newton-blockchain,n,
7192,207,Wrapped BNB,WBNB,https://www.binance.org/,,,n,
3718,208,BitTorrent,BTTOLD,https://www.bittorrent.com/btt/,,https://github.com/bittorrent,y,token on TRON
6941,209,Huobi BTC,HBTC,https://www.hbtc.finance/en-us/,https://www.hbtc.finance/en-us/assets,https://cn.etherscan.com/address/0x0316EB71485b0Ab14103307bf65a021042c6d380#code,n,
11498,210,Chainbing,CBG,https://www.chainbing.io,,https://github.com/chainbing,n,
5804,211,DeFiChain,DFI,https://defichain.com/,,https://github.com/DeFiCh/ain,n,
4512,212,LINK,LN,https://blockchain.line.me/,,,n,
7321,213,yOUcash,YOUC,https://youengine.io,,https://github.com/YOUengine,n,
9566,214,Liquity USD,LUSD,https://www.liquity.org/,,,n,
7961,215,Venus BNB,vBNB,https://app.venus.io/dashboard,,,n,
11221,216,BitDAO,BIT,https://www.bitdao.io/,,,n,
5830,217,NXM,NXM,https://nexusmutual.io/,,https://github.com/NexusMutual,n,
5482,218,Counos X,CCXX,https://www.counos.io/CounosX,https://www.counos.io/counos-x-roadmap,https://github.com/counos-platform/counos-X,n,
7548,219,WEMIX,WEMIX,https://wemixnetwork.com/,,https://github.com/wemade-tree/contract-reference,n,
5514,220,The Transfer Token,TTT,https://www.atom-solutions.jp/en/xecttt/,https://www.atom-solutions.jp/en/,https://github.com/atom-solutions/TheTransferToken,n,
5185,221,KOK,KOK,http://kok-chain.io,,https://github.com/KOK-Foundation,n,
6432,222,ECOMI,OMI,https://www.ecomi.com/,,,n,
4779,223,HUSD,HUSD,http://www.stcoins.com/,,private,y,stable coin; no github
9640,224,MetisDAO,METIS,https://www.metis.io,,https://github.com/MetisProtocol,n,
268,225,WhiteCoin,XWC,http://whitecoin.info/,http://xwc.com/,,n,
7878,226,MobileCoin,MOB,https://mobilecoin.foundation/,https://www.mobilecoin.com/,https://github.com/mobilecoinfoundation/mobilecoin,n,
2943,227,Rocket Pool,RPL,https://www.rocketpool.net/,,https://github.com/rocket-pool/rocketpool,n,
3951,228,Pirate Chain,ARRR,https://pirate.black/,,https://github.com/PirateNetwork,n,
8000,229,Lido DAO Token,LDO,https://lido.fi/,,https://github.com/lidofinance,n,
8757,230,SafeMoon,SAFEMOON,https://safemoon.net/,,https://github.com/safemoonprotocol/Safemoon.sol/tree/main,n,
4121,231,Sapphire,SAPP,https://sappcoin.com/,,https://github.com/sappcoin-com,n,
11346,232,Radio Caca,RACA,https://www.radiocaca.com/,,https://github.com/radiocaca/radio-caca,n,
10442,233,Decentralized Social,DESO,https://deso.org,,https://github.com/deso-protocol,n,
4361,234,Bitpanda Ecosystem Token,BEST,https://www.bitpanda.com/en/best,,,n,
3918,235,Safe,SAFE,https://www.anwang.com/,,https://github.com/bankledger,n,
14519,236,VVS Finance,VVS,https://vvs.finance/,,,n,
2758,237,Unibright,UBT,https://unibright.io/,,,n,
10778,238,Metahero,HERO,https://metahero.io,,https://github.com/metahero-io,n,
4660,239,Telos,TLOS,https://telos.net/,,https://github.com/telosnetwork,n,
12885,240,Astar,ASTR,https://astar.network/,,https://github.com/AstarNetwork/Astar,n,
5326,241,Orbit Chain,ORC,https://orbitchain.io/,,,n,
5625,242,LUKSO,LYXe,https://lukso.network,,https://github.com/lukso-network,n,
5176,243,Tether Gold,XAUT,https://tether.to/,,,n,
7334,244,Conflux,CFX,https://confluxnetwork.org/,,https://github.com/Conflux-Chain,n,
1759,245,Status,SNT,http://status.im/,,https://github.com/status-im/status-go,y,
9040,246,Pundi X (New),PUNDIX,https://pundix.com/,,,n,
10729,247,UFO Gaming,UFO,https://www.ufogaming.io/,,https://etherscan.io/address/0x249e38ea4102d0cf8264d3701f1a0e39c4f2dc3b#code,n,
9285,248,Moonriver,MOVR,https://moonbeam.network/networks/moonriver/,https://moonbeam.foundation/,https://github.com/PureStake/moonbeam,n,
2982,249,MVL,MVL,http://mvlchain.io,,https://github.com/mvlchain/mvltoken,n,
1816,250,Civic,CVC,https://www.civic.com/,,https://github.com/civicteam/npm-civic-sip-api,y,
2868,251,Constellation,DAG,https://www.constellationnetwork.io,,https://github.com/Constellation-Labs/constellation,n,
1320,252,Ardor,ARDR,https://www.jelurida.com/ardor,,https://bitbucket.org/Jelurida/ardor/src,y,
3964,253,Reserve Rights,RSR,https://reserve.org/,,https://github.com/reserve-protocol/smart-contracts,y,fork of Kyber Network
8766,254,MyNeighborAlice,ALICE,https://www.myneighboralice.com/,,,n,
3600,255,Humanscape,HUM,https://humanscape.io/,,https://github.com/humanscape,n,
7505,256,Everscale,EVER,https://everscale.network,https://flatqube.io/swap,https://github.com/tonlabs,n,
4041,257,MX TOKEN,MX,https://www.mexc.com,https://www.mexc.cc,,n,
7486,258,Rari Governance Token,RGT,http://rari.capital/,,https://github.com/Rari-Capital,n,
5444,259,Cartesi,CTSI,https://cartesi.io/,,https://github.com/cartesi,n,
1680,260,Aragon,ANT,https://aragon.org/,,https://github.com/aragon/govern,y,
9543,261,Biconomy,BICO,https://biconomy.io,,https://github.com/bcnmy,n,
11396,262,JOE,JOE,https://www.traderjoexyz.com/#/home,,https://github.com/traderjoe-xyz,n,
3441,263,Divi,DIVI,https://www.diviproject.org/,,https://github.com/Divicoin/Divi,n,
8891,264,Bitcoin Standard Hashrate Token,BTCST,https://www.btcst.finance/,,,n,
2299,265,aelf,ELF,http://aelf.com/,,https://github.com/AElfProject/AElf,y,
8489,266,XSGD,XSGD,https://www.straitsx.com/,,https://github.com/Xfers/StraitsX-tokens,n,
5892,267,Anyswap,ANY,https://anyswap.exchange/dashboard,,https://github.com/anyswap,n,
7737,268,API3,API3,https://api3.org/,,https://github.com/api3dao,n,
5026,269,Orchid,OXT,https://www.orchid.com/,,https://github.com/OrchidTechnologies/orchid,y,
1732,270,Numeraire,NMR,https://numer.ai/,,https://github.com/numerai/numerapi,y,
7817,271,Bifrost (BFC),BFC,https://thebifrost.io/,,,n,
6958,272,Alchemy Pay,ACH,https://alchemypay.org/,,https://github.com/Alchemy-GPS,n,
9175,273,MOBOX,MBOX,https://www.mobox.io/#/,,,n,
16463,274,OpenDAO,SOS,https://www.theopendao.com/,,,n,
2467,275,OriginTrail,TRAC,https://origintrail.io/,,https://github.com/OriginTrail/ot-node,y,
8425,276,JasmyCoin,JASMY,https://www.jasmy.co.jp/en_company.html,,,n,
1710,277,Veritaseum,VERI,http://veritas.veritaseum.com/,,https://github.com/veritaseum,n,
5268,278,Energy Web Token,EWT,https://www.energyweb.org/,,https://github.com/energywebfoundation/origin,y,
5031,279,MimbleWimbleCoin,MWC,https://www.mwc.mw/,,https://github.com/mwcproject,n,
6951,280,Reef,REEF,https://reef.io/,,https://github.com/reef-defi/reef-client,y,runs on polkadot
14803,281,Aurora,AURORA,https://aurora.dev/,,https://github.com/aurora-is-near/aurora-engine,n,
10750,282,Qredo,QRDO,https://www.qredo.com/,,,n,
5113,283,inSure DeFi,SURE,https://insuretoken.net/,,https://github.com/inSureToken/SmartContract/blob/master/inSure.sol,n,
693,284,Verge,XVG,http://vergecurrency.com/,,https://github.com/vergecurrency/verge,y,
3662,285,HedgeTrade,HEDG,https://hedgetrade.com/,,https://github.com/rublixdev/hedgtokenmint,y,
15478,286,Decentral Games,DG,https://decentral.games,,https://github.com/decentralgames,n,
11171,287,Mango,MNGO,https://mango.markets/,,https://github.com/blockworks-foundation/mango,n,
1637,288,iExec RLC,RLC,https://iex.ec/,https://docs.iex.ec/,https://github.com/iExecBlockchainComputing,n,
1104,289,Augur,REP,http://www.augur.net/,,https://github.com/AugurProject/augur,y,
7189,290,Origin Dollar,OUSD,https://www.ousd.com,,,n,
6651,291,USDX [Kava],USDX,https://kava.io,,https://github.com/kava-labs,n,
11307,292,Beta Finance,BETA,https://betafinance.org/,https://app.betafinance.org/,https://betafinance.org/BetaWhitepaperAndDisclaimer.pdf,n,
8420,293,DAO Maker,DAO,https://daomaker.com/,,https://github.com/daomaker,n,
16604,294,1eco,1ECO,https://www.1eco.io,,,n,
3012,295,VeThor Token,VTHO,https://www.vechain.org/,,https://github.com/vechain/thor,y,
3866,296,CONUN,CON,https://conun.io,,https://blog.naver.com/conuncs,n,
10821,297,Starlink,STARL,https://www.starltoken.com/,,https://github.com/StarlinkMeta,n,
2297,298,StormX,STMX,https://stormx.io/,,https://github.com/StormX-Inc/crowdsale,n,
12999,299,ssv.network,SSV,https://ssv.network/,,https://github.com/bloxapp/ssv-web,n,
3673,300,ASD,ASD,https://ascendex.com/,,,n,
6843,301,Radicle,RAD,https://radicle.xyz/,,https://github.com/radicle-dev,n,
2989,302,STASIS EURO,EURS,https://stasis.net,,https://github.com/STASISNET,n,
4120,303,Prometeus,PROM,https://prometeus.io/,,,n,
2780,304,NKN,NKN,https://nkn.org/,,https://github.com/nknorg,n,
9417,305,Maple,MPL,https://maple.finance/,,https://github.com/maple-labs,n,
4092,306,Dusk Network,DUSK,https://www.dusk.network,,https://github.com/dusk-network,n,
10529,307,Sun (New),SUN,https://sun.io/,,,n,
7726,308,ICHI,ICHI,https://ichi.farm/#/swap,https://www.ichi.org/,,n,
5631,309,Orion Protocol,ORN,https://www.orionprotocol.io/orn,,https://github.com/orionprotocol,n,
291,310,MaidSafeCoin,MAID,https://safenetwork.tech/,http://maidsafe.net,https://github.com/maidsafe/sn_node,y,
3418,311,Metadium,META,https://www.metadium.com/,,https://github.com/metadium,n,
2585,312,CENNZnet,CENNZ,https://cennz.net/,,https://github.com/cennznet,n,
12140,313,RMRK,RMRK,https://rmrk.app/,,https://github.com/rmrk-team/rmrk-tools,n,
3089,314,AVINOC,AVINOC,https://avinoc.com/,,https://github.com/AVINOCICO,n,
5618,315,Dawn Protocol,DAWN,https://dawn.org,https://firstblood.io,https://github.com/Dawn-Protocol,n,
4006,316,Standard Tokenization Protocol,STPT,https://stp.network/,,,n,
1230,317,Steem,STEEM,https://steem.com/,https://steemit.com/,https://github.com/steemit/steem,n,
1343,318,Stratis,STRAX,http://stratisplatform.com/,,https://github.com/stratisproject,n,
10897,319,Alitas,ALT,https://alitas.tech/,,https://github.com/AlitasTech,n,
11206,320,Bloktopia,BLOK,https://www.bloktopia.com/,,,n,
7431,321,Akash Network,AKT,https://akash.network,,,n,
2444,322,CRYPTO20,C20,https://invictuscapital.com/en/crypto20,,https://github.com/cryptotwenty,n,
3437,323,ABBC Coin,ABBC,https://abbccoin.com/,,,n,
3701,324,RSK Infrastructure Framework,RIF,https://www.rifos.org/,,https://github.com/riflabs/rif-faucet-client,y,
3748,325,Hxro,HXRO,https://hxro.io/,,,n,
7232,326,Alpha Finance Lab,ALPHA,https://alphafinance.io/,,https://github.com/AlphaFinanceLab/alphahomora,y,
4679,327,Band Protocol,BAND,https://bandprotocol.com/,,https://github.com/bandprotocol/chain,y,
6715,328,Sperax,SPA,https://sperax.io/,,https://github.com/Sperax,n,
8536,329,Mask Network,MASK,https://www.mask.io,,https://github.com/DimensionDev/Maskbook,n,
5072,330,Rakon,RKN,https://rkntoken.io,,,n,
7857,331,Mirror Protocol,MIR,https://mirror.finance,,https://github.com/Mirror-Protocol/eth-web-app,n,
8911,332,Strike,STRK,https://strike.org,,https://github.com/StrikeFinance,n,
10759,333,DeversiFi,DVF,https://www.deversifi.com/,,https://github.com/DeversiFi,n,
5552,334,Hathor,HTR,https://hathor.network,,https://github.com/HathorNetwork/,n,
8613,335,Alchemix,ALCX,https://alchemix.fi/,,https://github.com/alchemix-finance,n,
7208,336,Polkastarter,POLS,https://www.polkastarter.com/,,https://github.com/polkastarter/polkastarter-js,y,polkadot kickstarter
7046,337,Aavegotchi,GHST,https://aavegotchi.com/,,,n,
1750,338,GXChain,GXC,https://gxs.gxb.io/en/,,https://github.com/gxchain,n,
2665,339,Dero,DERO,https://dero.io,,https://github.com/deroproject/derosuite,n,
7590,340,Dvision Network,DVI,https://dvision.network/,,https://github.com/Dvision-Network,n,
1974,341,Propy,PRO,https://propy.com/,,,n,
2827,342,Phantasma,SOUL,https://phantasma.io/,,https://github.com/phantasma-io,n,
12064,343,Cratos,CRTS,https://www.cratostoken.com,,https://github.com/CratosTokenOfficial/,n,
7963,344,Venus ETH,vETH,https://app.venus.io/dashboard,,,n,
3977,345,Sport and Leisure,SNL,https://www.snltoken.io/,,,n,
1586,346,Ark,ARK,http://ark.io/,,https://github.com/ArkEcosystem/core,y,
1552,347,Enzyme,MLN,https://enzyme.finance/,,https://github.com/enzymefinance,n,
9720,348,PlatON,LAT,https://platon.network/,,https://github.com/PlatONnetwork,n,
1757,349,FUNToken,FUN,https://funtoken.io/,,,n,
1757,349,FUNToken,FUN,https://funtoken.io/,,https://github.com/funfair-tech/funfair-trulioo-client,y,
5350,350,Proton,XPR,https://www.protonchain.com,,https://github.com/ProtonProtocol,n,
7543,351,Hoo Token,HOO,https://hoo.com/,,,n,
5612,352,SOMESING,SSX,https://somesing.io,,,n,
5453,353,KardiaChain,KAI,https://www.kardiachain.io/,,https://github.com/kardiachain/go-kardia,n,
8972,354,Seedify.fund,SFUND,https://launchpad.seedify.fund/,https://staking.seedify.fund/,,n,
9892,355,YooShi,YOOSHI,https://www.yooshi.io/,,https://github.com/Yooshi-io/,n,
8938,356,Ellipsis,EPS,https://www.ellipsis.finance/,,https://github.com/ellipsis-finance,n,
5429,357,DEAPcoin,DEP,https://dea.sg/,,https://github.com/Digita-Entertainment-Asset/DEP,n,
7288,358,Venus,XVS,https://venus.io/,,https://github.com/SwipeWallet/Venus-Protocol,y,
7725,359,TrueFi,TRU,https://truefi.io/,https://www.trusttoken.com/,https://github.com/trusttoken/truefi-spec,n,
8894,360,Deeper Network,DPR,https://www.deeper.network,https://www.shop.deeper.network,https://github.com/e2chain-dev/deeper-chain,n,
7064,361,BakeryToken,BAKE,https://www.bakeryswap.org/,,https://github.com/BakeryProject,n,
9104,362,AIOZ Network,AIOZ,https://aioz.network/,,https://github.com/AIOZNetwork,n,
2927,363,sUSD,SUSD,https://www.synthetix.io/,,https://github.com/Synthetixio,n,
2320,364,Utrust,UTK,https://utrust.com/,,https://github.com/utrustdev/utrust-ts-library,y,
11568,365,Adventure Gold,AGLD,https://www.lootproject.com/,,,n,
14822,366,Victoria VR,VR,https://victoriavr.com/,,,n,
2137,367,Electroneum,ETN,http://electroneum.com/,,https://github.com/electroneum,n,
1788,368,Metal,MTL,https://www.metalpay.com/,,,n,
18112,369,Alpine F1 Team Fan Token,ALPINE,https://www.binance.com/en/fan-token/team-profile/alpine,,,n,
1762,370,Ergo,ERG,https://ergoplatform.org/,,https://github.com/ergoplatform/,n,
7311,371,Beefy Finance,BIFI,https://beefy.finance/,,https://github.com/beefyfinance,n,
2570,372,TomoChain,TOMO,https://tomochain.com/,,https://github.com/tomochain/,n,
9674,373,Wilder World,WILD,https://www.wilderworld.com/,,,n,
7958,374,Venus USDC,vUSDC,https://app.venus.io/dashboard,,,n,
2840,375,QuarkChain,QKC,https://quarkchain.io/,,https://github.com/QuarkChain,n,
9891,376,BinaryX,BNX,https://www.binaryx.pro/#/,,,n,
3626,377,RSK Smart Bitcoin,RBTC,https://rsk.co,,https://github.com/rsksmart,n,
2222,378,Bitcoin Diamond,BCD,https://www.bitcoindiamond.org/,,https://github.com/eveybcd/BitcoinDiamond,y,
10052,379,Gitcoin,GTC,https://gitcoin.co/,,,n,
7859,380,Badger DAO,BADGER,https://app.badger.finance/,,https://github.com/Badger-Finance/badger-system,y,
1883,381,Adshares,ADS,https://adshares.net/,,https://github.com/adshares,n,
5908,382,dKargo,DKA,https://dkargo.io/main_en.html,,,n,
13523,383,Merit Circle,MC,https://www.meritcircle.io/,,,n,
6748,384,Centrifuge,CFG,https://centrifuge.io/,,https://github.com/centrifuge/,n,
8037,385,Terra Virtua Kolect,TVK,https://terravirtua.io/,,https://etherscan.io/token/0xd084b83c305dafd76ae3e1b4e1f1fe2ecccb3988#code,n,
11374,386,Mines of Dalarnia,DAR,https://www.minesofdalarnia.com/,,,n,
2662,387,Haven Protocol,XHV,https://havenprotocol.org/,,https://github.com/haven-protocol-org,n,
9119,388,Alien Worlds,TLM,https://alienworlds.io,https://play.alienworlds.io,https://github.com/Alien-Worlds/,n,
2606,389,Wanchain,WAN,https://wanchain.org/,,https://github.com/wanchain,n,
3928,390,IDEX,IDEX,https://idex.io/,,https://github.com/idexio/IDEX,n,
7055,391,DeFi Pulse Index,DPI,https://www.indexcoop.com/dpi,,https://github.com/SetProtocol/set-v2,n,
11150,392,DeFine,DFA,https://www.define.one/,,,n,
5824,393,Smooth Love Potion,SLP,https://axieinfinity.com/,,,n,
2930,394,Everipedia,IQ,https://everipedia.org/,,https://github.com/EveripediaNetwork/,n,
5810,395,bZx Protocol,BZRX,https://bzx.network/,,https://github.com/bZxNetwork,n,
3816,396,Verasity,VRA,https://www.verasity.io/,https://verasity.tv,https://github.com/verasitytech,n,
7692,397,e-Radix,EXRD,https://www.radixdlt.com/,https://radixtokens.com/,https://github.com/radixdlt,n,
11926,398,Thetan Arena,THG,https://thetanarena.com,https://kardiachain.io,https://github.com/thetanarena/thetan-token,n,
7320,399,Neutrino Token,NSBT,https://neutrino.at/,,https://github.com/waves-exchange/neutrino-contract,n,
5380,400,HUNT,HUNT,https://token.hunt.town/,https://review.hunt.town/,https://github.com/Steemhunt,n,
4039,401,ARPA Chain,ARPA,https://arpachain.io/,,,n,
13655,402,Crabada,CRA,https://www.crabada.com/,,,n,
4467,403,Nestree,EGG,https://www.nestree.io/,https://blog.naver.com/nestree_io,,n,
8384,404,Clover Finance,CLV,https://clover.finance/,,https://github.com/clover-network,n,
5601,405,STAKE,STAKE,http://xdaichain.com/,,https://github.com/xdaichain,n,
2424,406,SingularityNET,AGIX,https://singularitynet.io/,,https://github.com/singnet/snet-dapp,y,
4807,407,CertiK,CTK,https://www.shentu.technology/,,https://github.com/ShentuChain,n,
8245,408,Hydra,HYDRA,https://hydrachain.org/,,https://github.com/Hydra-Chain,n,
11222,409,Wrapped NCG (Nine Chronicles Gold),WNCG,https://nine-chronicles.com/,,https://github.com/planetarium/NineChronicles,n,
8119,410,SafePal,SFP,https://www.safepal.io,,https://github.com/SafePalWallet,n,
7585,411,Freeway Token,FWT,https://freeway.io/,,,n,
7411,412,Covalent,CQT,https://www.covalenthq.com/,,https://github.com/covalenthq,n,
3637,413,Aergo,AERGO,https://www.aergo.io/,,https://github.com/aergoio,n,
7236,414,Celo Dollar,CUSD,https://celo.org/,https://thecelo.com/,https://github.com/celo-org,n,
6756,415,Acala Token,ACA,https://acala.network/,,https://github.com/AcalaNetwork,n,
5728,416,Balancer,BAL,https://balancer.finance/,http://balancer.exchange/,https://github.com/balancer-labs/balancer-core,y,
2896,417,Hifi Finance,MFT,https://hifi.finance/,,https://github.com/MainframeHQ,n,
2588,418,Loom Network,LOOM,https://loomx.io/,,https://github.com/loomnetwork,n,
11367,419,Aurory,AURY,https://aurory.io/,,,n,
5007,420,TROY,TROY,https://troytrade.com/,,,n,
3351,421,ZB Token,ZB,https://www.zb.com/,,private,y,
4036,422,Contentos,COS,https://www.contentos.io/,,https://github.com/coschain/,n,
5957,423,DFI.Money,YFII,https://dfi.money/#/,,,n,
5338,424,Somnium Space Cubes,CUBE,https://somniumspace.com/,,,n,
4056,425,Ampleforth,AMPL,https://www.ampleforth.org/,,https://github.com/ampleforth/uFragments,y,
8044,426,Adappter Token,ADP,https://adappter.io/eng.html,,https://github.com/sinestcorp/Adappter,n,
2245,427,Presearch,PRE,https://www.presearch.io/,https://www.presearch.org/,https://github.com/presearchofficial,n,
15585,428,GuildFi,GF,https://guildfi.com/,,,n,
7535,429,Keep3rV1,KP3R,https://keep3r.network/,,https://github.com/keep3r-network/keep3r.network,n,
9421,430,Ampleforth Governance Token,FORTH,https://www.ampleforth.org/,,https://github.com/ampleforth/Forth/,n,
3742,431,Chimpion,BNANA,https://www.chimpion.io,,,n,
15678,432,Voxies,VOXEL,https://voxies.io/,,,n,
5221,433,Handshake,HNS,https://handshake.org/,,https://github.com/handshake-org,n,
7978,434,Bonfida,FIDA,https://bonfida.com,https://solible.com,https://github.com/dr497,n,
8206,435,QuickSwap,QUICK,https://quickswap.exchange/,https://info.quickswap.exchange/#/home,https://github.com/QuickSwap,n,
2441,436,Molecular Future,MOF,http://www.molecular.cc/,,,n,
8200,437,Shapeshift FOX Token,FOX,https://shapeshift.com/,,,n,
3874,438,IRISnet,IRIS,https://www.irisnet.org/,,https://github.com/irisnet,n,
8985,439,Efinity Token,EFI,https://enjin.io/products/efinity,https://enjin.io,https://github.com/enjin/contracts-efi,n,
8541,440,SifChain,erowan,https://sifchain.finance/,,https://github.com/Sifchain,n,
6859,441,Harvest Finance,FARM,https://harvest.finance/,,https://github.com/harvest-finance,n,
8100,442,ankrETH,aEth,https://stkr.io/,,https://github.com/Ankr-network/stkr-smartcontract-public,n,
6724,443,Klever,KLV,https://www.klever.io/,,https://github.com/klever-app,n,
7678,444,KeeperDAO,ROOK,https://app.keeperdao.com/,,,n,
11294,445,SuperRare,RARE,https://superrare.com/,,,n,
8525,446,Rai Reflex Index,RAI,https://reflexer.finance/,,https://github.com/reflexer-labs,n,
3946,447,Carry,CRE,https://carryprotocol.io/,,,n,
8615,448,Ethernity Chain,ERN,https://ethernity.io/,https://ethernity.co/,,n,
11232,449,Highstreet,HIGH,https://highstreet.market,,https://github.com/TravisBuilds/HighStreet,n,
9020,450,Toko Token,TKO,https://www.tokocrypto.com/,,,n,
2776,451,Travala.com,AVA,https://www.travala.com/,https://book.travala.com/,https://github.com/travala/Booking-SC,y,
8707,452,Alpaca Finance,ALPACA,https://www.alpacafinance.org/,,https://github.com/alpaca-finance,n,
3930,453,ThunderCore,TT,https://www.thundercore.com,,https://github.com/thundercore,n,
788,454,Circuits of Value,COVAL,https://circuitsofvalue.com/,https://www.emblem.pro,,n,
1993,455,Kin,KIN,https://www.kin.org/,,https://github.com/kinecosystem,n,
2610,456,PECULIUM (old),PCL,http://peculium.io,https://saieve.io/,https://github.com/Peculium-Dev/PCLToken,n,
10746,457,Biswap,BSW,https://biswap.org/,,https://github.com/biswap-org,n,
15261,458,ONUS,ONUS,https://goonus.io/en,,https://github.com/ONUS-APP/smart-contract,n,
5354,459,PEAKDEFI,PEAK,http://peakdefi.com/,https://app.peakdefi.com/,https://github.com/peakdefi,n,
7102,460,Linear,LINA,https://linear.finance,,https://github.com/Linear-finance,n,
5279,461,Sologenic,SOLO,https://www.sologenic.com/,,https://github.com/sologenic,n,
2492,462,Elastos,ELA,https://elastos.info,https://elastos.org,https://github.com/elastos,n,
7242,463,cVault.finance,CORE,https://cvault.finance/,,,n,
17145,464,League of Kingdoms Arena,LOKA,https://www.leagueofkingdoms.com/,https://play.leagueofkingdoms.com/,,n,
4441,465,Vectorspace AI,VXV,https://vectorspace.ai,,https://gist.github.com/Vectorspace-API,n,
6841,466,Phala Network,PHA,https://phala.network/,,https://github.com/Phala-Network,n,
8107,467,Cobak Token,CBK,https://cobak.co.kr/,,https://github.com/cobak-dev/token-profile,n,
9461,468,X World Games,XWG,https://xwg.games/,https://www.xwggame.com/,https://github.com/XWorldGames,n,
7460,469,Alpha Quark Token,AQT,https://alphaquark.io/,,https://github.com/alphaquark,n,
4950,470,LCX,LCX,https://www.lcx.com,http://t.me/LCXNews,,n,
1521,471,Komodo,KMD,https://komodoplatform.com/,,https://github.com/KomodoPlatform,n,
10188,472,Automata Network,ATA,https://ata.network,,https://git.io/Jsbrp,n,
2630,473,PolySwarm,NCT,https://polyswarm.io/,,https://github.com/polyswarm,n,
1556,474,Chrono.tech,TIME,https://chrono.tech/,,https://github.com/Chrono-Tech,n,
8827,475,Boson Protocol,BOSON,http://bosonprotocol.io,,https://github.com/bosonprotocol,n,
2319,476,Qcash,QC,https://quickcash.com/,https://www.zb.cn,,n,
5266,477,MiL.k,MLK,http://milkalliance.io/,,https://github.com/key-inside,n,
4191,478,Syntropy,NOIA,http://syntropynet.com/,,https://github.com/SyntropyNet,n,
3714,479,LTO Network,LTO,https://www.ltonetwork.com/,,https://github.com/ltonetwork/,n,
463,480,BitShares,BTS,https://bitshares.org,,https://github.com/bitshares/bitshares-core,y,
15257,481,EverRise,RISE,https://www.everrise.com/,,https://github.com/everrise-ecosystem,n,
9868,482,XCAD Network,XCAD,https://xcademytoken.com/,,,n,
7150,483,Flamingo,FLM,https://flamingo.finance/,,,n,
11562,484,Kava Swap,SWP,https://www.kava.io/swap,https://app.kava.io/swap/pools,https://github.com/kava-labs,n,
213,485,MonaCoin,MONA,http://monacoin.org,,https://github.com/monacoinproject/monacoin,n,
6138,486,DIA,DIA,https://diadata.org/,,https://github.com/diadata-org,n,
8660,487,BSCPAD,BSCPAD,https://bscpad.com/,,,n,
10223,488,Vega Protocol,VEGA,https://vega.xyz,https://fairground.wtf,https://github.com/vegaprotocol,n,
7206,489,TitanSwap,TITAN,https://titanswap.org/,,,n,
4862,490,DAD,DAD,https://dad.one/,,https://github.com/DAD-Chain,n,
10641,491,RichQUACK.com,QUACK,https://www.richquack.com,,,n,
8669,492,Sovryn,SOV,https://sovryn.app/,https://live.sovryn.app/,https://github.com/DistributedCollective,n,
7654,493,RFOX,RFOX,https://rfox.com,https://rfoxvalt.com/,https://etherscan.io/token/0xa1d6df714f91debf4e0802a542e13067f31b8262#readContract,n,
3914,494,GlitzKoin,GTN,https://www.glitzkoin.com/,,,n,
10293,495,Swarm,BZZ,https://www.ethswarm.org/,,https://github.com/ethersphere,n,
5614,496,Zelwin,ZLW,https://zelwin.com/,,,n,
3695,497,Hyperion,HYN,https://www.hyn.space/,,,n,
2915,498,Moss Coin,MOC,https://moss.land,,https://github.com/mossland,n,
5049,499,VerusCoin,VRSC,http://www.veruscoin.io,,https://github.com/veruscoin/veruscoin,n,
8258,500,CUDOS,CUDOS,https://www.cudos.org/,,,n,
7959,501,Venus BUSD,vBUSD,https://app.venus.io/dashboard,,,n,
8034,502,BioPassport Token,BIOT,https://biopassport.io,,https://github.com/biopassport/contract,n,
10744,503,DeRace,DERC,https://www.derace.com,,,n,
3481,504,Peony,PNY,https://peony.net/,,https://github.com/decenomy/PNY,n,
5821,505,Aleph.im,ALEPH,https://aleph.im/,,https://github.com/aleph-im,n,
1768,506,Ambire AdEx,ADX,https://www.adex.network/,,https://github.com/AmbireTech,n,
2143,507,Streamr,DATA,https://streamr.network,,https://github.com/streamr-dev,n,
7228,508,DerivaDAO,DDX,https://derivadex.com/,,,n,
5622,509,Darma Cash,DMCH,https://www.darmacash.com/,,,n,
10180,510,GMT Token,GMT,https://gmt.io/,,https://github.com/gomining-token/smart,n,
4366,511,MixMarvel,MIX,https://www.mixmarvel.com/,,,n,
2273,512,Uquid Coin,UQC,https://uquidcoin.com,https://uquid.com,,n,
3968,513,Elitium,EUM,https://www.elitium.io,https://app.elitium.io/,,n,
10974,514,Tranchess,CHESS,https://tranchess.com/,,https://github.com/tranchess/contract-core,n,
2933,515,BitMart Token,BMX,https://www.bitmart.com/,,,n,
9721,516,Samoyedcoin,SAMO,https://samoyedcoin.com/,,,n,
11035,517,Splintershards,SPS,https://splinterlands.com,,https://github.com/steem-monsters,n,
1414,518,Firo,FIRO,https://firo.org/,,https://github.com/firoorg/,n,
11212,519,Star Atlas,ATLAS,https://staratlas.com,https://play.staratlas.com,,n,
11234,520,Position Exchange,POSI,https://position.exchange/,,https://github.com/PositionExchange/position-token,n,
6069,521,Assemble Protocol,ASM,http://assembleprotocol.io/,,,n,
4275,522,Cocos-BCX,COCOS,https://www.cocosbcx.io/,,https://github.com/cocos-bcx,n,
12387,523,Ribbon Finance,RBN,https://www.ribbon.finance/,,https://github.com/ribbon-finance,n,
2866,524,Sentinel Protocol,UPP,https://sentinelprotocol.io,,,n,
6216,525,AXEL,AXEL,https://www.axel.org/,https://www.axel.org/axel-network/,https://github.com/axelnetwork/,n,
5829,526,TrustSwap,SWAP,https://trustswap.org/,,https://github.com/trustswap/swap-contracts,y,
6957,527,AllianceBlock,ALBT,https://allianceblock.io/,,https://github.com/Stichting-AllianceBlock-Foundation/,n,
2638,528,Cortex,CTXC,http://www.cortexlabs.ai/,,https://github.com/CortexFoundation,n,
3581,529,Kleros,PNK,https://kleros.io/,,https://github.com/kleros,n,
7824,530,Vai,VAI,https://venus.io,,https://github.com/SwipeWallet/Venus-Protocol,n,
5299,531,HyperDAO,HDAO,http://www.hyperdao.com,,https://github.com/hyperdao,n,
2021,532,RChain,REV,https://www.rchain.coop/,,https://github.com/rchain/,n,
7509,533,BoringDAO,BOR,https://www.boringdao.com/,,https://github.com/BoringDAO,n,
5060,534,XeniosCoin,XNC,https://xenioscoin.com,,https://github.com/xeniosproject/xenioscoin,n,
3175,535,Maro,MARO,https://ma.ro/#/,,https://github.com/TTCECO/gttc,n,
5947,536,TokenPocket,TPT,https://www.tokenpocket.pro/,,https://github.com/TP-Lab,n,
7440,537,BarnBridge,BOND,https://barnbridge.com/,,https://github.com/BarnBridge/,n,
8049,538,Tornado Cash,TORN,https://app.tornado.cash/,,https://github.com/tornadocash,n,
2763,539,Morpheus.Network,MNW,https://morpheus.network/,,https://github.com/MorpheusNetwork,n,
2553,540,Refereum,RFR,https://refereum.com/,,,n,
6830,541,KILT Protocol,KILT,https://kilt.io/,,https://github.com/KILTprotocol,n,
4268,542,NewYork Exchange,NYE,https://www.nyecoin.io/,,https://github.com/nyecoin/NYE,n,
5939,543,Wrapped NXM,WNXM,https://nexusmutual.io/,,,n,
258,544,Groestlcoin,GRS,http://www.groestlcoin.org/,,https://github.com/Groestlcoin,n,
1785,545,Gas,GAS,https://neo.org/,,,n,
2505,546,Bluzelle,BLZ,https://bluzelle.com/,,,n,
7576,547,Kava Lend,HARD,https://kava.io/lend,https://app.kava.io/lend,,n,
2490,548,CargoX,CXO,https://cargox.io/,https://www.cxo-token.io/,,n,
5877,549,Rarible,RARI,https://app.rarible.com/rari,,,n,
7429,550,Liquity,LQTY,https://www.liquity.org/,,https://github.com/liquity/dev,n,
12506,551,NFTY Network,NFTY,https://nftynetwork.io,https://nftylabs.org,https://github.com/nftylabs/token,n,
8166,552,MAPS,MAPS,https://maps.me/token/,,,n,
16434,553,Ooki Protocol,OOKI,https://hello.ooki.com,https://ooki.com,https://github.com/OokiOfficial,n,
1312,554,Steem Dollars,SBD,https://steem.io/,,https://github.com/steemit/steem,n,
2134,555,Grid+,GRID,http://gridplus.io/,,https://github.com/gridplus,n,
7224,556,DODO,DODO,https://dodoex.io/,,https://github.com/DODOEX/contractV2,y,
11461,557,Marinade Staked SOL,MSOL,https://marinade.finance/,,,n,
4944,558,Tellor,TRB,https://tellor.io/,,https://github.com/tellor-io,n,
6833,559,Litentry,LIT,https://www.litentry.com/,,https://github.com/litentry/,n,
1856,560,district0x,DNT,https://district0x.io/,,https://github.com/district0x,n,
2941,561,CoinEx Token,CET,https://www.coinex.org/,https://www.coinex.com/,,n,
6679,562,WHALE,WHALE,https://whale.me/,https://app.tryroll.com/token/WHALE,,n,
5865,563,FIO Protocol,FIO,https://fioprotocol.io/,https://kb.fioprotocol.io/,https://github.com/fioprotocol,n,
9638,564,SingularityDAO,SDAO,https://www.singularitydao.ai/,,https://github.com/singularitydao,n,
2062,565,Aion,AION,https://theoan.com/,https://aion.network/,https://github.com/aionnetwork,n,
4134,566,Akropolis,AKRO,https://akropolis.io/,,https://github.com/akropolisio,n,
10049,567,Manchester City Fan Token,CITY,https://www.socios.com,https://www.chiliz.com,,n,
3422,568,SHPING,SHPING,https://shping.com/coin,,,n,
9201,569,StackOs,STACK,https://www.stackos.io/,,,n,
5401,570,CoinLoan,CLT,https://coinloan.io/,,https://github.com/coinloan/CoinLoanToken,n,
8083,571,Tokenlon Network Token,LON,https://tokenlon.im/lon,,https://github.com/consenlabs/,n,
4090,572,Wirex Token,WXT,https://wirexapp.com/,,,n,
9277,573,Revolution Populi,RVP,https://revolutionpopuli.com/,,,n,
5747,574,mStable USD,MUSD,https://mstable.org/,,,n,
8992,575,Cellframe,CELL,https://cellframe.net/,,https://github.com/demlabs-cellframe,n,
5893,576,Frontier,FRONT,https://frontier.xyz/,https://frontier.xyz/front/,https://github.com/frontierdotxyz,n,
9741,577,Solanium,SLIM,https://www.solanium.io/,,https://github.com/solanium-io,n,
8024,578,Mirrored iShares Gold Trust,mIAU,https://mirror.finance,,https://github.com/mirror-protocol,n,
2092,579,NULS,NULS,https://nuls.io/,,https://github.com/nuls-io/nuls-v2,n,
4103,580,FLETA,FLETA,https://fleta.io/,,https://github.com/fletaio,n,
7960,581,Venus XVS,vXVS,https://app.venus.io/dashboard,,,n,
6928,582,Bella Protocol,BEL,https://bella.fi/,,,n,
5882,583,StaFi,FIS,https://www.stafi.io/,,https://github.com/stafiprotocol/,n,
3702,584,Beam,BEAM,https://www.beam.mw/,,https://github.com/BeamMW/beam,n,
10805,585,Throne,THN,https://www.thr.one/,,,n,
10042,586,Karura,KAR,http://karura.network,,https://github.com/AcalaNetwork,n,
4956,587,MAP Protocol,MAP,https://www.maplabs.io/,,https://github.com/mapprotocol,n,
5226,588,Paris Saint-Germain Fan Token,PSG,https://www.socios.com/paris-saint-germain/,,,n,
8509,589,XMON,XMON,https://0xmons.xyz/,,https://github.com/0xmons/0xmons-contracts-new,n,
2398,590,SelfKey,KEY,https://selfkey.org/,,https://github.com/SelfKeyFoundation/,n,
5410,591,PARSIQ,PRQ,https://parsiq.net,,,n,
13632,592,Genopets,GENE,https://www.genopets.me/,,,n,
18365,593,MetagamZ,METAG,https://www.metagamz.io/,,,n,
2090,594,LATOKEN,LA,https://latoken.com/,,https://github.com/ElKornacio/contracts-early,n,
8028,595,Mirrored ProShares VIX,mVIXY,https://mirror.finance,,https://github.com/mirror-protocol,n,
16334,596,ApolloX,APX,https://www.apollox.com/en,https://www.apollox.finance/en,,n,
11451,597,Shiden Network,SDN,https://shiden.astar.network/,,https://github.com/AstarNetwork,n,
4078,598,Super Zero Protocol,SERO,https://sero.cash/,,https://github.com/sero-cash,n,
3327,599,SIX,SIX,https://six.network/,,,n,
5280,600,Bloomzed Loyalty Club Ticket,BLCT,https://bloomzed.io/,https://bloomzed.com/,,n,
2603,,,,,,,n,
2603,,,,,,https://github.com/pundix/,y,
1982,,,,,,https://github.com/KyberNetwork/KyberSwap,y,
8202,,,,,,https://github.com/l2labs/zkswap-contracts,y,
1789,,,,,,,n,
2642,,,,,,,n,
1776,,,,,,,n,
1866,,,,,,,n,
8210,,,,,,,n,
7617,,,,,,,n,
5802,,,,,,,n,
